{"next-generation-accessibility-engine-powering-screen-readers":{"slug":"next-generation-accessibility-engine-powering-screen-readers","branch":{"slug":"treatment-a","ratio":1,"feature":{"value":{},"enabled":false,"featureId":"this-is-included-for-desktop-pre-95-support"},"features":[{"value":{"enabled":true},"enabled":true,"featureId":"accessibilityCache"}]},"active":true,"enrollmentId":"12c0fabd-a943-475e-85a3-d985c3a44ca5","experimentType":"rollout","source":"rs-loader","userFacingName":"Next generation accessibility engine powering screen readers","userFacingDescription":"Evaluating a major re-architecture of Firefox's accessibility engine to improve performance of screen readers and other assistive technologies.","lastSeen":"2023-05-09T16:20:46.244Z","featureIds":["accessibilityCache"],"prefs":[{"name":"accessibility.cache.enabled","branch":"user","featureId":"accessibilityCache","variable":"enabled","originalValue":null}],"isRollout":true}}