{"experiments":{"bug-1828180-pref-disable-background-task-on-macos-release-112-112":{"slug":"bug-1828180-pref-disable-background-task-on-macos-release-112-112","actionName":"PreferenceExperimentAction","branch":"disabled","expired":false,"lastSeen":"2023-05-09T16:20:48.908Z","preferences":{"dom.quotaManager.backgroundTask.enabled":{"preferenceType":"boolean","preferenceValue":false,"preferenceBranchType":"default","previousPreferenceValue":true}},"experimentType":"exp","userFacingName":"Disable background task on macOS","userFacingDescription":"This prevents the shutdown cleanup process from triggering background task.","enrollmentId":"4f81e191-b362-4baa-a541-076539a3372e"}}}